point,proposition,etat,responsable,echeance
Date du projet,2026-10-08,À confirmer,Investisseur / conseil,À convenir
Devise,EUR,À confirmer,Investisseur / conseil,À convenir
Date indicative de closing,2026-12-01,À confirmer,Investisseur / conseil,À convenir
Exclusivité proposée (jours ; 0 = aucune),45,À confirmer,Investisseur / conseil,À convenir
Droit applicable,Droit français,À confirmer,Investisseur / conseil,À convenir
Juridiction compétente,"Tribunal de commerce de Paris, sous réserve des règles impératives",À confirmer,Investisseur / conseil,À convenir
Conditions et clauses négociées,Justification de l’écart CL002 de 500 EUR ; cap table et droits IP confirmés ; références clients ; décision du comité et financement confirmé,À confirmer,Investisseur / conseil,À convenir
"Périmètre acquis (titres / actifs, pourcentage)","100 % des titres, sous réserve de la cap table et des instruments dilutifs",À confirmer,Investisseur / conseil,À convenir
Valeur d’entreprise proposée,4500000,À confirmer,Investisseur / conseil,À convenir
Dette nette retenue (négative = trésorerie nette),-600000,À confirmer,Investisseur / conseil,À convenir
Mécanisme de prix (completion accounts / locked-box…),Ajustement sur comptes de closing : dette nette et BFR normalisé à convenir,À confirmer,Investisseur / conseil,À convenir
Modalités de règlement proposées,Prix indicatif des titres 5 100 000 EUR avant ajustements ; règlement au closing sous réserve du financement confirmé,À confirmer,Investisseur / conseil,À convenir
Cédants et périmètre de leurs titres,Camille Exemple et autres cédants à confirmer dans la cap table ; exemple fictif,À confirmer,Investisseur / conseil,À convenir
Garanties et plafonds à négocier,"Garanties de titres, propriété intellectuelle et comptes ; plafond, durée et franchise à négocier après DD",À confirmer,Investisseur / conseil,À convenir
FIN-001 — Écart CL002 : 500 EUR,Obtenir le paiement ou l’avoir du contrat CL002 et rapprocher la période,Point de DD ouvert,Direction financière,Avant accord
"CAP-001 — Cap table promise, non reçue","Obtenir les registres, actes et instruments dilutifs ; rapprochement juridique",Point de DD ouvert,Fondatrice et avocat,Avant accord
REF-001 — Références clients à réaliser,Recevoir trois comptes rendus distincts et examiner les contradictions,Point de DD ouvert,Investisseur,Avant accord
